{"__meta":{"schema_version":3,"schema_name":"DRFModelV3","schema_type":"DRFModel"},"model_id":{"__meta":{"schema_version":3,"schema_name":"ModelKeyV3","schema_type":"Key<Model>"},"name":"DRF_1_AutoML_4_20240925_205940","type":"Key<Model>","URL":"/3/Models/DRF_1_AutoML_4_20240925_205940"},"algo":"drf","algo_full_name":"Distributed Random Forest","response_column_name":"dp_pilih_avg_utilized","treatment_column_name":null,"data_frame":{"__meta":{"schema_version":3,"schema_name":"FrameKeyV3","schema_type":"Key<Frame>"},"name":"AutoML_4_20240925_205940_training_df_train_sid_961d_172","type":"Key<Frame>","URL":"/3/Frames/AutoML_4_20240925_205940_training_df_train_sid_961d_172"},"timestamp":1727269193678,"have_pojo":true,"have_mojo":true,"algo":"drf","algo_full_name":"Distributed Random Forest","model_id":{"__meta":{"schema_version":3,"schema_name":"ModelKeyV3","schema_type":"Key<Model>"},"name":"DRF_1_AutoML_4_20240925_205940","type":"Key<Model>","URL":"/3/Models/DRF_1_AutoML_4_20240925_205940"},"parameters":[{"__meta":{"schema_version":3,"schema_name":"ModelParameterSchemaV3","schema_type":"Iced"},"name":"model_id","label":"model_id","help":"Destination id for this model; auto-generated if not specified.","required":false,"type":"Key<Model>","default_value":null,"actual_value":{"__meta":{"schema_version":3,"schema_name":"ModelKeyV3","schema_type":"Key<Model>"},"name":"DRF_1_AutoML_4_20240925_205940","type":"Key<Model>","URL":"/3/Models/DRF_1_AutoML_4_20240925_205940"},"input_value":null,"level":"critical","values":[],"is_member_of_frames":[],"is_mutually_exclusive_with":[],"gridable":false},{"__meta":{"schema_version":3,"schema_name":"ModelParameterSchemaV3","schema_type":"Iced"},"name":"training_frame","label":"training_frame","help":"Id of the training data frame.","required":false,"type":"Key<Frame>","default_value":null,"actual_value":{"__meta":{"schema_version":3,"schema_name":"FrameKeyV3","schema_type":"Key<Frame>"},"name":"AutoML_4_20240925_205940_training_df_train_sid_961d_172","type":"Key<Frame>","URL":"/3/Frames/AutoML_4_20240925_205940_training_df_train_sid_961d_172"},"input_value":{"__meta":{"schema_version":3,"schema_name":"FrameKeyV3","schema_type":"Key<Frame>"},"name":"AutoML_4_20240925_205940_training_df_train_sid_961d_172","type":"Key<Frame>","URL":"/3/Frames/AutoML_4_20240925_205940_training_df_train_sid_961d_172"},"level":"critical","values":[],"is_member_of_frames":[],"is_mutually_exclusive_with":[],"gridable":false},{"__meta":{"schema_version":3,"schema_name":"ModelParameterSchemaV3","schema_type":"Iced"},"name":"validation_frame","label":"validation_frame","help":"Id of the validation data frame.","required":false,"type":"Key<Frame>","default_value":null,"actual_value":null,"input_value":null,"level":"critical","values":[],"is_member_of_frames":[],"is_mutually_exclusive_with":[],"gridable":true},{"__meta":{"schema_version":3,"schema_name":"ModelParameterSchemaV3","schema_type":"Iced"},"name":"nfolds","label":"nfolds","help":"Number of folds for K-fold cross-validation (0 to disable or >= 2).","required":false,"type":"int","default_value":0,"actual_value":5,"input_value":5,"level":"critical","values":[],"is_member_of_frames":[],"is_mutually_exclusive_with":[],"gridable":false},{"__meta":{"schema_version":3,"schema_name":"ModelParameterSchemaV3","schema_type":"Iced"},"name":"keep_cross_validation_models","label":"keep_cross_validation_models","help":"Whether to keep the cross-validation models.","required":false,"type":"boolean","default_value":true,"actual_value":false,"input_value":false,"level":"expert","values":[],"is_member_of_frames":[],"is_mutually_exclusive_with":[],"gridable":false},{"__meta":{"schema_version":3,"schema_name":"ModelParameterSchemaV3","schema_type":"Iced"},"name":"keep_cross_validation_predictions","label":"keep_cross_validation_predictions","help":"Whether to keep the predictions of the cross-validation models.","required":false,"type":"boolean","default_value":false,"actual_value":true,"input_value":true,"level":"expert","values":[],"is_member_of_frames":[],"is_mutually_exclusive_with":[],"gridable":false},{"__meta":{"schema_version":3,"schema_name":"ModelParameterSchemaV3","schema_type":"Iced"},"name":"keep_cross_validation_fold_assignment","label":"keep_cross_validation_fold_assignment","help":"Whether to keep the cross-validation fold assignment.","required":false,"type":"boolean","default_value":false,"actual_value":false,"input_value":false,"level":"expert","values":[],"is_member_of_frames":[],"is_mutually_exclusive_with":[],"gridable":false},{"__meta":{"schema_version":3,"schema_name":"ModelParameterSchemaV3","schema_type":"Iced"},"name":"score_each_iteration","label":"score_each_iteration","help":"Whether to score during each iteration of model training.","required":false,"type":"boolean","default_value":false,"actual_value":false,"input_value":false,"level":"secondary","values":[],"is_member_of_frames":[],"is_mutually_exclusive_with":[],"gridable":false},{"__meta":{"schema_version":3,"schema_name":"ModelParameterSchemaV3","schema_type":"Iced"},"name":"score_tree_interval","label":"score_tree_interval","help":"Score the model after every so many trees. Disabled if set to 0.","required":false,"type":"int","default_value":0,"actual_value":5,"input_value":5,"level":"secondary","values":[],"is_member_of_frames":[],"is_mutually_exclusive_with":[],"gridable":false},{"__meta":{"schema_version":3,"schema_name":"ModelParameterSchemaV3","schema_type":"Iced"},"name":"fold_assignment","label":"fold_assignment","help":"Cross-validation fold assignment scheme, if fold_column is not specified. The 'Stratified' option will stratify the folds based on the response variable, for classification problems.","required":false,"type":"enum","default_value":"AUTO","actual_value":"Modulo","input_value":"Modulo","level":"secondary","values":["AUTO","Random","Modulo","Stratified"],"is_member_of_frames":[],"is_mutually_exclusive_with":[],"gridable":true},{"__meta":{"schema_version":3,"schema_name":"ModelParameterSchemaV3","schema_type":"Iced"},"name":"fold_column","label":"fold_column","help":"Column with cross-validation fold index assignment per observation.","required":false,"type":"VecSpecifier","default_value":null,"actual_value":null,"input_value":null,"level":"secondary","values":[],"is_member_of_frames":["training_frame"],"is_mutually_exclusive_with":["response_column","weights_column","ignored_columns","offset_column"],"gridable":true},{"__meta":{"schema_version":3,"schema_name":"ModelParameterSchemaV3","schema_type":"Iced"},"name":"response_column","label":"response_column","help":"Response variable column.","required":false,"type":"VecSpecifier","default_value":null,"actual_value":{"__meta":{"schema_version":3,"schema_name":"ColSpecifierV3","schema_type":"VecSpecifier"},"column_name":"dp_pilih_avg_utilized","is_member_of_frames":null},"input_value":{"__meta":{"schema_version":3,"schema_name":"ColSpecifierV3","schema_type":"VecSpecifier"},"column_name":"dp_pilih_avg_utilized","is_member_of_frames":null},"level":"critical","values":[],"is_member_of_frames":["training_frame","validation_frame"],"is_mutually_exclusive_with":["weights_column","ignored_columns","offset_column","fold_column"],"gridable":true},{"__meta":{"schema_version":3,"schema_name":"ModelParameterSchemaV3","schema_type":"Iced"},"name":"ignored_columns","label":"ignored_columns","help":"Names of columns to ignore for training.","required":false,"type":"string[]","default_value":null,"actual_value":["dp_pilih_tag_trends_major_pattern","dp_pilih_tag_utilization_major_pattern","dp_sekeliling_recommendation_by_trends","dp_sekeliling_recommendation_by_utilization","dp_sekeliling_balance_down_nc_pct","dp_sekeliling_balance_dist_pct","competitors_total_presents_upload_total","urban_class_urban_class","highrise_tag"],"input_value":["dp_pilih_tag_trends_major_pattern","dp_pilih_tag_utilization_major_pattern","dp_sekeliling_recommendation_by_trends","dp_sekeliling_recommendation_by_utilization","dp_sekeliling_balance_down_nc_pct","dp_sekeliling_balance_dist_pct","competitors_total_presents_upload_total","urban_class_urban_class","highrise_tag"],"level":"critical","values":[],"is_member_of_frames":["training_frame","validation_frame"],"is_mutually_exclusive_with":["response_column","weights_column","offset_column","fold_column"],"gridable":false},{"__meta":{"schema_version":3,"schema_name":"ModelParameterSchemaV3","schema_type":"Iced"},"name":"ignore_const_cols","label":"ignore_const_cols","help":"Ignore constant columns.","required":false,"type":"boolean","default_value":true,"actual_value":true,"input_value":true,"level":"critical","values":[],"is_member_of_frames":[],"is_mutually_exclusive_with":[],"gridable":false},{"__meta":{"schema_version":3,"schema_name":"ModelParameterSchemaV3","schema_type":"Iced"},"name":"offset_column","label":"offset_column","help":"Offset column. This will be added to the combination of columns before applying the link function.","required":false,"type":"VecSpecifier","default_value":null,"actual_value":null,"input_value":null,"level":"secondary","values":[],"is_member_of_frames":["training_frame","validation_frame"],"is_mutually_exclusive_with":["response_column","weights_column","ignored_columns","fold_column"],"gridable":true},{"__meta":{"schema_version":3,"schema_name":"ModelParameterSchemaV3","schema_type":"Iced"},"name":"weights_column","label":"weights_column","help":"Column with observation weights. Giving some observation a weight of zero is equivalent to excluding it from the dataset; giving an observation a relative weight of 2 is equivalent to repeating that row twice. Negative weights are not allowed. Note: Weights are per-row observation weights and do not increase the size of the data frame. This is typically the number of times a row is repeated, but non-integer values are supported as well. During training, rows with higher weights matter more, due to the larger loss function pre-factor. If you set weight = 0 for a row, the returned prediction frame at that row is zero and this is incorrect. To get an accurate prediction, remove all rows with weight == 0.","required":false,"type":"VecSpecifier","default_value":null,"actual_value":null,"input_value":null,"level":"secondary","values":[],"is_member_of_frames":["training_frame","validation_frame"],"is_mutually_exclusive_with":["response_column","ignored_columns","offset_column","fold_column"],"gridable":true},{"__meta":{"schema_version":3,"schema_name":"ModelParameterSchemaV3","schema_type":"Iced"},"name":"balance_classes","label":"balance_classes","help":"Balance training data class counts via over/under-sampling (for imbalanced data).","required":false,"type":"boolean","default_value":false,"actual_value":true,"input_value":true,"level":"secondary","values":[],"is_member_of_frames":[],"is_mutually_exclusive_with":[],"gridable":true},{"__meta":{"schema_version":3,"schema_name":"ModelParameterSchemaV3","schema_type":"Iced"},"name":"class_sampling_factors","label":"class_sampling_factors","help":"Desired over/under-sampling ratios per class (in lexicographic order). If not specified, sampling factors will be automatically computed to obtain class balance during training. Requires balance_classes.","required":false,"type":"float[]","default_value":null,"actual_value":null,"input_value":null,"level":"expert","values":[],"is_member_of_frames":[],"is_mutually_exclusive_with":[],"gridable":true},{"__meta":{"schema_version":3,"schema_name":"ModelParameterSchemaV3","schema_type":"Iced"},"name":"max_after_balance_size","label":"max_after_balance_size","help":"Maximum relative size of the training data after balancing class counts (can be less than 1.0). Requires balance_classes.","required":false,"type":"float","default_value":5.0,"actual_value":5.0,"input_value":5.0,"level":"expert","values":[],"is_member_of_frames":[],"is_mutually_exclusive_with":[],"gridable":true},{"__meta":{"schema_version":3,"schema_name":"ModelParameterSchemaV3","schema_type":"Iced"},"name":"max_confusion_matrix_size","label":"max_confusion_matrix_size","help":"[Deprecated] Maximum size (# classes) for confusion matrices to be printed in the Logs","required":false,"type":"int","default_value":20,"actual_value":20,"input_value":20,"level":"secondary","values":[],"is_member_of_frames":[],"is_mutually_exclusive_with":[],"gridable":false},{"__meta":{"schema_version":3,"schema_name":"ModelParameterSchemaV3","schema_type":"Iced"},"name":"ntrees","label":"ntrees","help":"Number of trees.","required":false,"type":"int","default_value":50,"actual_value":50,"input_value":50,"level":"critical","values":[],"is_member_of_frames":[],"is_mutually_exclusive_with":[],"gridable":true},{"__meta":{"schema_version":3,"schema_name":"ModelParameterSchemaV3","schema_type":"Iced"},"name":"max_depth","label":"max_depth","help":"Maximum tree depth (0 for unlimited).","required":false,"type":"int","default_value":20,"actual_value":20,"input_value":20,"level":"critical","values":[],"is_member_of_frames":[],"is_mutually_exclusive_with":[],"gridable":true},{"__meta":{"schema_version":3,"schema_name":"ModelParameterSchemaV3","schema_type":"Iced"},"name":"min_rows","label":"min_rows","help":"Fewest allowed (weighted) observations in a leaf.","required":false,"type":"double","default_value":1.0,"actual_value":1.0,"input_value":1.0,"level":"critical","values":[],"is_member_of_frames":[],"is_mutually_exclusive_with":[],"gridable":true},{"__meta":{"schema_version":3,"schema_name":"ModelParameterSchemaV3","schema_type":"Iced"},"name":"nbins","label":"nbins","help":"For numerical columns (real/int), build a histogram of (at least) this many bins, then split at the best point","required":false,"type":"int","default_value":20,"actual_value":20,"input_value":20,"level":"critical","values":[],"is_member_of_frames":[],"is_mutually_exclusive_with":[],"gridable":true},{"__meta":{"schema_version":3,"schema_name":"ModelParameterSchemaV3","schema_type":"Iced"},"name":"nbins_top_level","label":"nbins_top_level","help":"For numerical columns (real/int), build a histogram of (at most) this many bins at the root level, then decrease by factor of two per level","required":false,"type":"int","default_value":1024,"actual_value":1024,"input_value":1024,"level":"secondary","values":[],"is_member_of_frames":[],"is_mutually_exclusive_with":[],"gridable":true},{"__meta":{"schema_version":3,"schema_name":"ModelParameterSchemaV3","schema_type":"Iced"},"name":"nbins_cats","label":"nbins_cats","help":"For categorical columns (factors), build a histogram of this many bins, then split at the best point. Higher values can lead to more overfitting.","required":false,"type":"int","default_value":1024,"actual_value":1024,"input_value":1024,"level":"secondary","values":[],"is_member_of_frames":[],"is_mutually_exclusive_with":[],"gridable":true},{"__meta":{"schema_version":3,"schema_name":"ModelParameterSchemaV3","schema_type":"Iced"},"name":"r2_stopping","label":"r2_stopping","help":"r2_stopping is no longer supported and will be ignored if set - please use stopping_rounds, stopping_metric and stopping_tolerance instead. Previous version of H2O would stop making trees when the R^2 metric equals or exceeds this","required":false,"type":"double","default_value":1.7976931348623157E308,"actual_value":1.7976931348623157E308,"input_value":1.7976931348623157E308,"level":"secondary","values":[],"is_member_of_frames":[],"is_mutually_exclusive_with":[],"gridable":true},{"__meta":{"schema_version":3,"schema_name":"ModelParameterSchemaV3","schema_type":"Iced"},"name":"stopping_rounds","label":"stopping_rounds","help":"Early stopping based on convergence of stopping_metric. Stop if simple moving average of length k of the stopping_metric does not improve for k:=stopping_rounds scoring events (0 to disable)","required":false,"type":"int","default_value":0,"actual_value":0,"input_value":3,"level":"secondary","values":[],"is_member_of_frames":[],"is_mutually_exclusive_with":[],"gridable":true},{"__meta":{"schema_version":3,"schema_name":"ModelParameterSchemaV3","schema_type":"Iced"},"name":"stopping_metric","label":"stopping_metric","help":"Metric to use for early stopping (AUTO: logloss for classification, deviance for regression and anomaly_score for Isolation Forest). Note that custom and custom_increasing can only be used in GBM and DRF with the Python client.","required":false,"type":"enum","default_value":"AUTO","actual_value":"deviance","input_value":"deviance","level":"secondary","values":["AUTO","deviance","logloss","MSE","RMSE","MAE","RMSLE","AUC","AUCPR","lift_top_group","misclassification","mean_per_class_error","anomaly_score","custom","custom_increasing"],"is_member_of_frames":[],"is_mutually_exclusive_with":[],"gridable":true},{"__meta":{"schema_version":3,"schema_name":"ModelParameterSchemaV3","schema_type":"Iced"},"name":"stopping_tolerance","label":"stopping_tolerance","help":"Relative tolerance for metric-based stopping criterion (stop if relative improvement is not at least this much)","required":false,"type":"double","default_value":0.001,"actual_value":0.02009263970630489,"input_value":0.02009263970630489,"level":"secondary","values":[],"is_member_of_frames":[],"is_mutually_exclusive_with":[],"gridable":true},{"__meta":{"schema_version":3,"schema_name":"ModelParameterSchemaV3","schema_type":"Iced"},"name":"max_runtime_secs","label":"max_runtime_secs","help":"Maximum allowed runtime in seconds for model training. Use 0 to disable.","required":false,"type":"double","default_value":0.0,"actual_value":0.0,"input_value":0.0,"level":"secondary","values":[],"is_member_of_frames":[],"is_mutually_exclusive_with":[],"gridable":true},{"__meta":{"schema_version":3,"schema_name":"ModelParameterSchemaV3","schema_type":"Iced"},"name":"seed","label":"seed","help":"Seed for pseudo random number generator (if applicable)","required":false,"type":"long","default_value":-1,"actual_value":1234,"input_value":1234,"level":"critical","values":[],"is_member_of_frames":[],"is_mutually_exclusive_with":[],"gridable":true},{"__meta":{"schema_version":3,"schema_name":"ModelParameterSchemaV3","schema_type":"Iced"},"name":"build_tree_one_node","label":"build_tree_one_node","help":"Run on one node only; no network overhead but fewer cpus used. Suitable for small datasets.","required":false,"type":"boolean","default_value":false,"actual_value":false,"input_value":false,"level":"expert","values":[],"is_member_of_frames":[],"is_mutually_exclusive_with":[],"gridable":false},{"__meta":{"schema_version":3,"schema_name":"ModelParameterSchemaV3","schema_type":"Iced"},"name":"mtries","label":"mtries","help":"Number of variables randomly sampled as candidates at each split. If set to -1, defaults to sqrt{p} for classification and p/3 for regression (where p is the # of predictors","required":false,"type":"int","default_value":-1,"actual_value":-1,"input_value":-1,"level":"critical","values":[],"is_member_of_frames":[],"is_mutually_exclusive_with":[],"gridable":true},{"__meta":{"schema_version":3,"schema_name":"ModelParameterSchemaV3","schema_type":"Iced"},"name":"sample_rate","label":"sample_rate","help":"Row sample rate per tree (from 0.0 to 1.0)","required":false,"type":"double","default_value":0.632,"actual_value":0.632,"input_value":0.632,"level":"critical","values":[],"is_member_of_frames":[],"is_mutually_exclusive_with":[],"gridable":true},{"__meta":{"schema_version":3,"schema_name":"ModelParameterSchemaV3","schema_type":"Iced"},"name":"sample_rate_per_class","label":"sample_rate_per_class","help":"A list of row sample rates per class (relative fraction for each class, from 0.0 to 1.0), for each tree","required":false,"type":"double[]","default_value":null,"actual_value":null,"input_value":null,"level":"expert","values":[],"is_member_of_frames":[],"is_mutually_exclusive_with":[],"gridable":true},{"__meta":{"schema_version":3,"schema_name":"ModelParameterSchemaV3","schema_type":"Iced"},"name":"binomial_double_trees","label":"binomial_double_trees","help":"For binary classification: Build 2x as many trees (one per class) - can lead to higher accuracy.","required":false,"type":"boolean","default_value":false,"actual_value":false,"input_value":false,"level":"expert","values":[],"is_member_of_frames":[],"is_mutually_exclusive_with":[],"gridable":false},{"__meta":{"schema_version":3,"schema_name":"ModelParameterSchemaV3","schema_type":"Iced"},"name":"checkpoint","label":"checkpoint","help":"Model checkpoint to resume training with.","required":false,"type":"Key<Model>","default_value":null,"actual_value":null,"input_value":null,"level":"secondary","values":[],"is_member_of_frames":[],"is_mutually_exclusive_with":[],"gridable":false},{"__meta":{"schema_version":3,"schema_name":"ModelParameterSchemaV3","schema_type":"Iced"},"name":"col_sample_rate_change_per_level","label":"col_sample_rate_change_per_level","help":"Relative change of the column sampling rate for every level (must be > 0.0 and <= 2.0)","required":false,"type":"double","default_value":1.0,"actual_value":1.0,"input_value":1.0,"level":"expert","values":[],"is_member_of_frames":[],"is_mutually_exclusive_with":[],"gridable":true},{"__meta":{"schema_version":3,"schema_name":"ModelParameterSchemaV3","schema_type":"Iced"},"name":"col_sample_rate_per_tree","label":"col_sample_rate_per_tree","help":"Column sample rate per tree (from 0.0 to 1.0)","required":false,"type":"double","default_value":1.0,"actual_value":1.0,"input_value":1.0,"level":"secondary","values":[],"is_member_of_frames":[],"is_mutually_exclusive_with":[],"gridable":true},{"__meta":{"schema_version":3,"schema_name":"ModelParameterSchemaV3","schema_type":"Iced"},"name":"min_split_improvement","label":"min_split_improvement","help":"Minimum relative improvement in squared error reduction for a split to happen","required":false,"type":"double","default_value":1.0E-5,"actual_value":1.0E-5,"input_value":1.0E-5,"level":"secondary","values":[],"is_member_of_frames":[],"is_mutually_exclusive_with":[],"gridable":true},{"__meta":{"schema_version":3,"schema_name":"ModelParameterSchemaV3","schema_type":"Iced"},"name":"histogram_type","label":"histogram_type","help":"What type of histogram to use for finding optimal split points","required":false,"type":"enum","default_value":"AUTO","actual_value":"UniformAdaptive","input_value":"AUTO","level":"secondary","values":["AUTO","UniformAdaptive","Random","QuantilesGlobal","RoundRobin","UniformRobust"],"is_member_of_frames":[],"is_mutually_exclusive_with":[],"gridable":true},{"__meta":{"schema_version":3,"schema_name":"ModelParameterSchemaV3","schema_type":"Iced"},"name":"categorical_encoding","label":"categorical_encoding","help":"Encoding scheme for categorical features","required":false,"type":"enum","default_value":"AUTO","actual_value":"Enum","input_value":"AUTO","level":"secondary","values":["AUTO","Enum","OneHotInternal","OneHotExplicit","Binary","Eigen","LabelEncoder","SortByResponse","EnumLimited"],"is_member_of_frames":[],"is_mutually_exclusive_with":[],"gridable":true},{"__meta":{"schema_version":3,"schema_name":"ModelParameterSchemaV3","schema_type":"Iced"},"name":"calibrate_model","label":"calibrate_model","help":"Use Platt Scaling (default) or Isotonic Regression to calculate calibrated class probabilities. Calibration can provide more accurate estimates of class probabilities.","required":false,"type":"boolean","default_value":false,"actual_value":false,"input_value":false,"level":"expert","values":[],"is_member_of_frames":[],"is_mutually_exclusive_with":[],"gridable":false},{"__meta":{"schema_version":3,"schema_name":"ModelParameterSchemaV3","schema_type":"Iced"},"name":"calibration_frame","label":"calibration_frame","help":"Data for model calibration","required":false,"type":"Key<Frame>","default_value":null,"actual_value":null,"input_value":null,"level":"expert","values":[],"is_member_of_frames":[],"is_mutually_exclusive_with":[],"gridable":false},{"__meta":{"schema_version":3,"schema_name":"ModelParameterSchemaV3","schema_type":"Iced"},"name":"calibration_method","label":"calibration_method","help":"Calibration method to use","required":false,"type":"enum","default_value":"AUTO","actual_value":"PlattScaling","input_value":"AUTO","level":"expert","values":["AUTO","PlattScaling","IsotonicRegression"],"is_member_of_frames":[],"is_mutually_exclusive_with":[],"gridable":false},{"__meta":{"schema_version":3,"schema_name":"ModelParameterSchemaV3","schema_type":"Iced"},"name":"distribution","label":"distribution","help":"Distribution function","required":false,"type":"enum","default_value":"AUTO","actual_value":"gaussian","input_value":"gaussian","level":"secondary","values":["AUTO","bernoulli","quasibinomial","ordinal","multinomial","gaussian","poisson","gamma","tweedie","laplace","quantile","huber","custom"],"is_member_of_frames":[],"is_mutually_exclusive_with":[],"gridable":true},{"__meta":{"schema_version":3,"schema_name":"ModelParameterSchemaV3","schema_type":"Iced"},"name":"custom_metric_func","label":"custom_metric_func","help":"Reference to custom evaluation function, format: `language:keyName=funcName`","required":false,"type":"string","default_value":null,"actual_value":null,"input_value":null,"level":"secondary","values":[],"is_member_of_frames":[],"is_mutually_exclusive_with":[],"gridable":false},{"__meta":{"schema_version":3,"schema_name":"ModelParameterSchemaV3","schema_type":"Iced"},"name":"export_checkpoints_dir","label":"export_checkpoints_dir","help":"Automatically export generated models to this directory.","required":false,"type":"string","default_value":null,"actual_value":null,"input_value":null,"level":"secondary","values":[],"is_member_of_frames":[],"is_mutually_exclusive_with":[],"gridable":false},{"__meta":{"schema_version":3,"schema_name":"ModelParameterSchemaV3","schema_type":"Iced"},"name":"check_constant_response","label":"check_constant_response","help":"Check if response column is constant. If enabled, then an exception is thrown if the response column is a constant value.If disabled, then model will train regardless of the response column being a constant value or not.","required":false,"type":"boolean","default_value":true,"actual_value":true,"input_value":true,"level":"expert","values":[],"is_member_of_frames":[],"is_mutually_exclusive_with":[],"gridable":false},{"__meta":{"schema_version":3,"schema_name":"ModelParameterSchemaV3","schema_type":"Iced"},"name":"gainslift_bins","label":"gainslift_bins","help":"Gains/Lift table number of bins. 0 means disabled.. Default value -1 means automatic binning.","required":false,"type":"int","default_value":-1,"actual_value":-1,"input_value":-1,"level":"secondary","values":[],"is_member_of_frames":[],"is_mutually_exclusive_with":[],"gridable":false},{"__meta":{"schema_version":3,"schema_name":"ModelParameterSchemaV3","schema_type":"Iced"},"name":"auc_type","label":"auc_type","help":"Set default multinomial AUC type.","required":false,"type":"enum","default_value":"AUTO","actual_value":"AUTO","input_value":"AUTO","level":"secondary","values":["AUTO","NONE","MACRO_OVR","WEIGHTED_OVR","MACRO_OVO","WEIGHTED_OVO"],"is_member_of_frames":[],"is_mutually_exclusive_with":[],"gridable":true}],"output":{"__meta":{"schema_version":3,"schema_name":"DRFModelOutputV3","schema_type":"DRFOutput"},"names":["grid_id","total_dp_sekeliling_250m","avg_dp_sekeliling_jarak_km","min_dp_sekeliling_jarak_km","max_dp_sekeliling_jarak_km","dp_sekeliling_up_pct","dp_sekeliling_down_pct","dp_sekeliling_balance_pct","dp_sekeliling_no_change_pct","dp_sekeliling_balance_up_down_pct","dp_sekeliling_balance_up_nc_pct","dp_sekeliling_balance_half_pct","dp_sekeliling_high","dp_sekeliling_medium","dp_sekeliling_low","population_children_under5","population_youth_15_24","population_women_reproductive_15_49","population_women_asof","population_men_asof","prop_tenant_adjusted","population_elder_60plus","household_wealth_footprint_count","household_wealth_has_wealth_count","household_wealth_wealth_target_t20","household_wealth_wealth_target_m40","household_wealth_wealth_target_b40","household_wealth_perc_t20","household_wealth_perc_m40","household_wealth_perc_b40","internet_fixed_avg_d_kbps","internet_fixed_avg_u_kbps","internet_fixed_avg_lat_ms","mobile_avg_d_kbps","mobile_avg_u_kbps","mobile_avg_lat_ms","mobile_4g_dau_audience","mobile_4g_mau_audience","mobile_3g_dau_audience","mobile_3g_mau_audience","wifi_dau_audience","wifi_mau_audience","competitors_total_presents_download_total","poi_business","poi_food_restaurant","poi_school","poi_convenience_store","poi_home_diy","poi_electric_store","poi_workshop","poi_worship","poi_healthcare","poi_atm","poi_bank","poi_hotel","poi_police_station","poi_petrol_station","poi_transportation","poi_telephone_service","ookla_download_kbps_fixed","ookla_upload_kbps_fixed","ookla_latency_fixed","ookla_number_of_test_fixed","ookla_download_kbps_mobile","ookla_upload_kbps_mobile","ookla_latency_mobile","ookla_number_of_test_mobile","waiters_hsba_total","waiters_unifi_total","latest_capacity","latest_in_service","highrise_level","highrise_total","pop_male","pop_female","nearby_poi_business","nearby_poi_school","nearby_poi_convenience_store","nearby_poi_home_diy","nearby_electric_store","nearby_poi_workshop","nearby_poi_healthcare","nearby_poi_worship","nearby_poi_atm","nearby_poi_bank","nearby_poi_hotel","nearby_poi_transportation","nearby_poi_telephone_service","nearby_poi_culture","nearby_poi_retail","nearby_poi_entertainment","nearby_poi_recreation","nearby_poi_public_services","nearby_poi_property","dp_pilih_avg_utilized"],"original_names":null,"column_types":["Numeric","Numeric","Numeric","Numeric","Numeric","Numeric","Numeric","Numeric","Numeric","Numeric","Numeric","Numeric","Numeric","Numeric","Numeric","Numeric","Numeric","Numeric","Numeric","Numeric","Numeric","Numeric","Numeric","Numeric","Numeric","Numeric","Numeric","Numeric","Numeric","Numeric","Numeric","Numeric","Numeric","Numeric","Numeric","Numeric","Numeric","Numeric","Numeric","Numeric","Numeric","Numeric","Numeric","Numeric","Numeric","Numeric","Numeric","Numeric","Numeric","Numeric","Numeric","Numeric","Numeric","Numeric","Numeric","Numeric","Numeric","Numeric","Numeric","Numeric","Numeric","Numeric","Numeric","Numeric","Numeric","Numeric","Numeric","Numeric","Numeric","Numeric","Numeric","Numeric","Numeric","Numeric","Numeric","Numeric","Numeric","Numeric","Numeric","Numeric","Numeric","Numeric","Numeric","Numeric","Numeric","Numeric","Numeric","Numeric","Numeric","Numeric","Numeric","Numeric","Numeric","Numeric","Numeric"],"domains":[null,null,null,null,null,null,null,null,null,null,null,null,null,null,null,null,null,null,null,null,null,null,null,null,null,null,null,null,null,null,null,null,null,null,null,null,null,null,null,null,null,null,null,null,null,null,null,null,null,null,null,null,null,null,null,null,null,null,null,null,null,null,null,null,null,null,null,null,null,null,null,null,null,null,null,null,null,null,null,null,null,null,null,null,null,null,null,null,null,null,null,null,null,null,null],"cross_validation_models":null,"cross_validation_predictions":[{"__meta":{"schema_version":3,"schema_name":"FrameKeyV3","schema_type":"Key<Frame>"},"name":"prediction_DRF_1_AutoML_4_20240925_205940_cv_1","type":"Key<Frame>","URL":"/3/Frames/prediction_DRF_1_AutoML_4_20240925_205940_cv_1"},{"__meta":{"schema_version":3,"schema_name":"FrameKeyV3","schema_type":"Key<Frame>"},"name":"prediction_DRF_1_AutoML_4_20240925_205940_cv_2","type":"Key<Frame>","URL":"/3/Frames/prediction_DRF_1_AutoML_4_20240925_205940_cv_2"},{"__meta":{"schema_version":3,"schema_name":"FrameKeyV3","schema_type":"Key<Frame>"},"name":"prediction_DRF_1_AutoML_4_20240925_205940_cv_3","type":"Key<Frame>","URL":"/3/Frames/prediction_DRF_1_AutoML_4_20240925_205940_cv_3"},{"__meta":{"schema_version":3,"schema_name":"FrameKeyV3","schema_type":"Key<Frame>"},"name":"prediction_DRF_1_AutoML_4_20240925_205940_cv_4","type":"Key<Frame>","URL":"/3/Frames/prediction_DRF_1_AutoML_4_20240925_205940_cv_4"},{"__meta":{"schema_version":3,"schema_name":"FrameKeyV3","schema_type":"Key<Frame>"},"name":"prediction_DRF_1_AutoML_4_20240925_205940_cv_5","type":"Key<Frame>","URL":"/3/Frames/prediction_DRF_1_AutoML_4_20240925_205940_cv_5"}],"cross_validation_holdout_predictions_frame_id":{"__meta":{"schema_version":3,"schema_name":"FrameKeyV3","schema_type":"Key<Frame>"},"name":"cv_holdout_prediction_DRF_1_AutoML_4_20240925_205940","type":"Key<Frame>","URL":"/3/Frames/cv_holdout_prediction_DRF_1_AutoML_4_20240925_205940"},"cross_validation_fold_assignment_frame_id":null,"model_category":"Regression","model_summary":{"__meta":{"schema_version":3,"schema_name":"TwoDimTableV3","schema_type":"TwoDimTable"},"name":"Model Summary","description":"","columns":[{"__meta":{"schema_version":-1,"schema_name":"ColumnSpecsBase","schema_type":"Iced"},"name":"","type":"string","format":"%s","description":""},{"__meta":{"schema_version":-1,"schema_name":"ColumnSpecsBase","schema_type":"Iced"},"name":"number_of_trees","type":"long","format":"%d","description":"Number of Trees"},{"__meta":{"schema_version":-1,"schema_name":"ColumnSpecsBase","schema_type":"Iced"},"name":"number_of_internal_trees","type":"long","format":"%d","description":"Number of Internal Trees"},{"__meta":{"schema_version":-1,"schema_name":"ColumnSpecsBase","schema_type":"Iced"},"name":"model_size_in_bytes","type":"long","format":"%d","description":"Model Size in Bytes"},{"__meta":{"schema_version":-1,"schema_name":"ColumnSpecsBase","schema_type":"Iced"},"name":"min_depth","type":"long","format":"%d","description":"Min. Depth"},{"__meta":{"schema_version":-1,"schema_name":"ColumnSpecsBase","schema_type":"Iced"},"name":"max_depth","type":"long","format":"%d","description":"Max. Depth"},{"__meta":{"schema_version":-1,"schema_name":"ColumnSpecsBase","schema_type":"Iced"},"name":"mean_depth","type":"double","format":"%.5f","description":"Mean Depth"},{"__meta":{"schema_version":-1,"schema_name":"ColumnSpecsBase","schema_type":"Iced"},"name":"min_leaves","type":"long","format":"%d","description":"Min. Leaves"},{"__meta":{"schema_version":-1,"schema_name":"ColumnSpecsBase","schema_type":"Iced"},"name":"max_leaves","type":"long","format":"%d","description":"Max. Leaves"},{"__meta":{"schema_version":-1,"schema_name":"ColumnSpecsBase","schema_type":"Iced"},"name":"mean_leaves","type":"double","format":"%.5f","description":"Mean Leaves"}],"rowcount":1,"data":[[""],[50],[50],[938296],[20],[20],[20.0],[1421],[1535],[1486.1]]},"scoring_history":{"__meta":{"schema_version":3,"schema_name":"TwoDimTableV3","schema_type":"TwoDimTable"},"name":"Scoring History","description":"","columns":[{"__meta":{"schema_version":-1,"schema_name":"ColumnSpecsBase","schema_type":"Iced"},"name":"","type":"string","format":"%s","description":""},{"__meta":{"schema_version":-1,"schema_name":"ColumnSpecsBase","schema_type":"Iced"},"name":"timestamp","type":"string","format":"%s","description":"Timestamp"},{"__meta":{"schema_version":-1,"schema_name":"ColumnSpecsBase","schema_type":"Iced"},"name":"duration","type":"string","format":"%s","description":"Duration"},{"__meta":{"schema_version":-1,"schema_name":"ColumnSpecsBase","schema_type":"Iced"},"name":"number_of_trees","type":"long","format":"%d","description":"Number of Trees"},{"__meta":{"schema_version":-1,"schema_name":"ColumnSpecsBase","schema_type":"Iced"},"name":"training_rmse","type":"double","format":"%.5f","description":"Training RMSE"},{"__meta":{"schema_version":-1,"schema_name":"ColumnSpecsBase","schema_type":"Iced"},"name":"training_mae","type":"double","format":"%.5f","description":"Training MAE"},{"__meta":{"schema_version":-1,"schema_name":"ColumnSpecsBase","schema_type":"Iced"},"name":"training_deviance","type":"double","format":"%.5f","description":"Training Deviance"}],"rowcount":11,"data":[["","","","","","","","","","",""],["2024-09-25 20:59:46","2024-09-25 20:59:47","2024-09-25 20:59:48","2024-09-25 20:59:48","2024-09-25 20:59:49","2024-09-25 20:59:50","2024-09-25 20:59:50","2024-09-25 20:59:51","2024-09-25 20:59:52","2024-09-25 20:59:52","2024-09-25 20:59:53"],[" 6.529 sec"," 7.241 sec"," 7.918 sec"," 8.593 sec"," 9.284 sec"," 9.969 sec","10.658 sec","11.337 sec","12.040 sec","12.730 sec","13.433 sec"],[0,5,10,15,20,25,30,35,40,45,50],["NaN",0.11218858246387624,0.10038136776356871,0.09067378324407992,0.08720831768317958,0.08564870372882105,0.08304250079112234,0.08156741699263921,0.08060784548191353,0.08029001604753468,0.08028967642638667],["NaN",0.08085035900798546,0.07283875176035245,0.06683264362524052,0.06440037947496624,0.06301657651815015,0.061258563129775165,0.06023237741374773,0.05957527781464383,0.05946591552532335,0.059585989198340246],["NaN",0.012586278035253959,0.010076418994084832,0.008221734967794388,0.007605290673130372,0.007335700450427364,0.006896056937643555,0.006653243514851087,0.006497624753236049,0.006446486676913376,0.00644643214065387]]},"cv_scoring_history":[{"__meta":{"schema_version":3,"schema_name":"TwoDimTableV3","schema_type":"TwoDimTable"},"name":"Scoring History","description":"","columns":[{"__meta":{"schema_version":-1,"schema_name":"ColumnSpecsBase","schema_type":"Iced"},"name":"","type":"string","format":"%s","description":""},{"__meta":{"schema_version":-1,"schema_name":"ColumnSpecsBase","schema_type":"Iced"},"name":"timestamp","type":"string","format":"%s","description":"Timestamp"},{"__meta":{"schema_version":-1,"schema_name":"ColumnSpecsBase","schema_type":"Iced"},"name":"duration","type":"string","format":"%s","description":"Duration"},{"__meta":{"schema_version":-1,"schema_name":"ColumnSpecsBase","schema_type":"Iced"},"name":"number_of_trees","type":"long","format":"%d","description":"Number of Trees"},{"__meta":{"schema_version":-1,"schema_name":"ColumnSpecsBase","schema_type":"Iced"},"name":"training_rmse","type":"double","format":"%.5f","description":"Training RMSE"},{"__meta":{"schema_version":-1,"schema_name":"ColumnSpecsBase","schema_type":"Iced"},"name":"training_mae","type":"double","format":"%.5f","description":"Training MAE"},{"__meta":{"schema_version":-1,"schema_name":"ColumnSpecsBase","schema_type":"Iced"},"name":"training_deviance","type":"double","format":"%.5f","description":"Training Deviance"},{"__meta":{"schema_version":-1,"schema_name":"ColumnSpecsBase","schema_type":"Iced"},"name":"validation_rmse","type":"double","format":"%.5f","description":"Validation RMSE"},{"__meta":{"schema_version":-1,"schema_name":"ColumnSpecsBase","schema_type":"Iced"},"name":"validation_mae","type":"double","format":"%.5f","description":"Validation MAE"},{"__meta":{"schema_version":-1,"schema_name":"ColumnSpecsBase","schema_type":"Iced"},"name":"validation_deviance","type":"double","format":"%.5f","description":"Validation Deviance"}],"rowcount":11,"data":[["","","","","","","","","","",""],["2024-09-25 20:59:40","2024-09-25 20:59:40","2024-09-25 20:59:41","2024-09-25 20:59:42","2024-09-25 20:59:42","2024-09-25 20:59:43","2024-09-25 20:59:44","2024-09-25 20:59:44","2024-09-25 20:59:45","2024-09-25 20:59:45","2024-09-25 20:59:46"],[" 0.036 sec"," 0.651 sec"," 1.286 sec"," 1.922 sec"," 2.545 sec"," 3.171 sec"," 3.825 sec"," 4.467 sec"," 5.101 sec"," 5.720 sec"," 6.365 sec"],[0,5,10,15,20,25,30,35,40,45,50],["NaN",0.11790179883106333,0.10062100133138327,0.09320455557804079,0.0900695252596845,0.08853333215707519,0.08599755292261585,0.08430231396710842,0.08243512331229122,0.08164400647800887,0.08128185364803998],["NaN",0.0836177883974619,0.0738414687190108,0.0687161084307268,0.06662208262743995,0.06600901938347467,0.0644582532493019,0.06310522726340058,0.06175964200328871,0.0610475362023685,0.06099981656288126],["NaN",0.013900834167600528,0.010124585908930235,0.008687089180500094,0.008112519380504942,0.007838150902835005,0.007395579108678114,0.007106880140208924,0.006795549555512659,0.0066657437937811545,0.006606739732461391],["NaN",0.09333754466688274,0.08931319947466304,0.08696499836961415,0.08709172617124235,0.08654860312550036,0.0855571817032677,0.08531815470652737,0.08470090970570404,0.08415363201203864,0.08470209812303532],["NaN",0.06829632885595445,0.06546376056050514,0.06362085281240679,0.06313584698267904,0.06291302487742335,0.061928783565290586,0.06174316629122981,0.06126514702284636,0.060824505300624124,0.061396136051860735],["NaN",0.00871189724444233,0.007976847600400952,0.007562910941426991,0.0075849687674866585,0.00749066070297537,0.007320031341005965,0.007279187522526938,0.007174244104973829,0.007081833780817614,0.007174445426444304]]},{"__meta":{"schema_version":3,"schema_name":"TwoDimTableV3","schema_type":"TwoDimTable"},"name":"Scoring History","description":"","columns":[{"__meta":{"schema_version":-1,"schema_name":"ColumnSpecsBase","schema_type":"Iced"},"name":"","type":"string","format":"%s","description":""},{"__meta":{"schema_version":-1,"schema_name":"ColumnSpecsBase","schema_type":"Iced"},"name":"timestamp","type":"string","format":"%s","description":"Timestamp"},{"__meta":{"schema_version":-1,"schema_name":"ColumnSpecsBase","schema_type":"Iced"},"name":"duration","type":"string","format":"%s","description":"Duration"},{"__meta":{"schema_version":-1,"schema_name":"ColumnSpecsBase","schema_type":"Iced"},"name":"number_of_trees","type":"long","format":"%d","description":"Number of Trees"},{"__meta":{"schema_version":-1,"schema_name":"ColumnSpecsBase","schema_type":"Iced"},"name":"training_rmse","type":"double","format":"%.5f","description":"Training RMSE"},{"__meta":{"schema_version":-1,"schema_name":"ColumnSpecsBase","schema_type":"Iced"},"name":"training_mae","type":"double","format":"%.5f","description":"Training MAE"},{"__meta":{"schema_version":-1,"schema_name":"ColumnSpecsBase","schema_type":"Iced"},"name":"training_deviance","type":"double","format":"%.5f","description":"Training Deviance"},{"__meta":{"schema_version":-1,"schema_name":"ColumnSpecsBase","schema_type":"Iced"},"name":"validation_rmse","type":"double","format":"%.5f","description":"Validation RMSE"},{"__meta":{"schema_version":-1,"schema_name":"ColumnSpecsBase","schema_type":"Iced"},"name":"validation_mae","type":"double","format":"%.5f","description":"Validation MAE"},{"__meta":{"schema_version":-1,"schema_name":"ColumnSpecsBase","schema_type":"Iced"},"name":"validation_deviance","type":"double","format":"%.5f","description":"Validation Deviance"}],"rowcount":11,"data":[["","","","","","","","","","",""],["2024-09-25 20:59:40","2024-09-25 20:59:40","2024-09-25 20:59:41","2024-09-25 20:59:42","2024-09-25 20:59:42","2024-09-25 20:59:43","2024-09-25 20:59:44","2024-09-25 20:59:44","2024-09-25 20:59:45","2024-09-25 20:59:45","2024-09-25 20:59:46"],[" 0.031 sec"," 0.664 sec"," 1.294 sec"," 1.917 sec"," 2.553 sec"," 3.184 sec"," 3.837 sec"," 4.463 sec"," 5.090 sec"," 5.734 sec"," 6.376 sec"],[0,5,10,15,20,25,30,35,40,45,50],["NaN",0.11723017928976429,0.10310165904941242,0.09454274413947657,0.0907464659732818,0.08925849477719583,0.08676601130720203,0.0853967764714986,0.08401362528301645,0.08399207799608302,0.08381466373811762],["NaN",0.0836823726271099,0.07456030487480048,0.06941703956006194,0.06733804347549588,0.06609492225821878,0.06457380769975618,0.06352691231316254,0.06258009067573382,0.0625975767112646,0.06265581216332675],["NaN",0.01374291493631028,0.010629952098741284,0.00893833046942253,0.008234921086639991,0.007967078889890695,0.00752834071816151,0.007292609431723098,0.007058289233195102,0.007054669166100094,0.007024897857533729],["NaN",0.08473374288999533,0.07901264172011671,0.07661125894672337,0.07638237164595373,0.07535299691842984,0.07414834532291917,0.07364999953758578,0.07290068575754248,0.07256513747018256,0.07339481529393103],["NaN",0.06234739658281006,0.05812026243612277,0.056457874309853634,0.056185680805626165,0.05551585364546969,0.054711053207504426,0.05384430893724878,0.05340109790280213,0.05326406386565943,0.05378199370961918],["NaN",0.007179807184147835,0.006242997551591528,0.005869284997401901,0.005834266698260596,0.005678074144588896,0.00549797711412687,0.005424322431886385,0.005314509983919956,0.0052656991760664925,0.0053867989120302525]]},{"__meta":{"schema_version":3,"schema_name":"TwoDimTableV3","schema_type":"TwoDimTable"},"name":"Scoring History","description":"","columns":[{"__meta":{"schema_version":-1,"schema_name":"ColumnSpecsBase","schema_type":"Iced"},"name":"","type":"string","format":"%s","description":""},{"__meta":{"schema_version":-1,"schema_name":"ColumnSpecsBase","schema_type":"Iced"},"name":"timestamp","type":"string","format":"%s","description":"Timestamp"},{"__meta":{"schema_version":-1,"schema_name":"ColumnSpecsBase","schema_type":"Iced"},"name":"duration","type":"string","format":"%s","description":"Duration"},{"__meta":{"schema_version":-1,"schema_name":"ColumnSpecsBase","schema_type":"Iced"},"name":"number_of_trees","type":"long","format":"%d","description":"Number of Trees"},{"__meta":{"schema_version":-1,"schema_name":"ColumnSpecsBase","schema_type":"Iced"},"name":"training_rmse","type":"double","format":"%.5f","description":"Training RMSE"},{"__meta":{"schema_version":-1,"schema_name":"ColumnSpecsBase","schema_type":"Iced"},"name":"training_mae","type":"double","format":"%.5f","description":"Training MAE"},{"__meta":{"schema_version":-1,"schema_name":"ColumnSpecsBase","schema_type":"Iced"},"name":"training_deviance","type":"double","format":"%.5f","description":"Training Deviance"},{"__meta":{"schema_version":-1,"schema_name":"ColumnSpecsBase","schema_type":"Iced"},"name":"validation_rmse","type":"double","format":"%.5f","description":"Validation RMSE"},{"__meta":{"schema_version":-1,"schema_name":"ColumnSpecsBase","schema_type":"Iced"},"name":"validation_mae","type":"double","format":"%.5f","description":"Validation MAE"},{"__meta":{"schema_version":-1,"schema_name":"ColumnSpecsBase","schema_type":"Iced"},"name":"validation_deviance","type":"double","format":"%.5f","description":"Validation Deviance"}],"rowcount":11,"data":[["","","","","","","","","","",""],["2024-09-25 20:59:40","2024-09-25 20:59:40","2024-09-25 20:59:41","2024-09-25 20:59:42","2024-09-25 20:59:42","2024-09-25 20:59:43","2024-09-25 20:59:44","2024-09-25 20:59:44","2024-09-25 20:59:45","2024-09-25 20:59:45","2024-09-25 20:59:46"],[" 0.034 sec"," 0.673 sec"," 1.292 sec"," 1.909 sec"," 2.562 sec"," 3.193 sec"," 3.853 sec"," 4.438 sec"," 5.079 sec"," 5.684 sec"," 6.316 sec"],[0,5,10,15,20,25,30,35,40,45,50],["NaN",0.11754828726253012,0.10483827524925099,0.09600889230602558,0.09361097793935054,0.0909528005231562,0.08818078029170204,0.08583937494999244,0.08440283838959356,0.08370515551456773,0.08359581810585344],["NaN",0.08339375062367888,0.07591345352520891,0.07081474356276245,0.06901162751566786,0.06716860384198982,0.06497269549063743,0.06355284356712045,0.06240031117000593,0.062136195645210404,0.06215772905000358],["NaN",0.0138175998383543,0.010991063957237712,0.009217707401830018,0.008763015190761574,0.008272411923005043,0.0077758500128534275,0.007368398291805391,0.007123839128219849,0.007006553059717968,0.006988260804786933],["NaN",0.0902941416475227,0.08541865728565246,0.08141740046318519,0.07923650995757803,0.07823316888117793,0.07655688261221111,0.07569720022390333,0.07473510425508961,0.075558003961521,0.0752965894372214],["NaN",0.06609876652201169,0.06473457846762336,0.06216153113506983,0.060802031637185915,0.059708175816592074,0.05878124405660902,0.05791065601479131,0.05704305178370863,0.05752823677747308,0.05713114160554006],["NaN",0.008153032015862892,0.007296347012483748,0.006628793098182668,0.006278424510257362,0.006120428713190906,0.005860956275299872,0.005730066121737712,0.005585335808019114,0.005709011962649223,0.00566957638087748]]},{"__meta":{"schema_version":3,"schema_name":"TwoDimTableV3","schema_type":"TwoDimTable"},"name":"Scoring History","description":"","columns":[{"__meta":{"schema_version":-1,"schema_name":"ColumnSpecsBase","schema_type":"Iced"},"name":"","type":"string","format":"%s","description":""},{"__meta":{"schema_version":-1,"schema_name":"ColumnSpecsBase","schema_type":"Iced"},"name":"timestamp","type":"string","format":"%s","description":"Timestamp"},{"__meta":{"schema_version":-1,"schema_name":"ColumnSpecsBase","schema_type":"Iced"},"name":"duration","type":"string","format":"%s","description":"Duration"},{"__meta":{"schema_version":-1,"schema_name":"ColumnSpecsBase","schema_type":"Iced"},"name":"number_of_trees","type":"long","format":"%d","description":"Number of Trees"},{"__meta":{"schema_version":-1,"schema_name":"ColumnSpecsBase","schema_type":"Iced"},"name":"training_rmse","type":"double","format":"%.5f","description":"Training RMSE"},{"__meta":{"schema_version":-1,"schema_name":"ColumnSpecsBase","schema_type":"Iced"},"name":"training_mae","type":"double","format":"%.5f","description":"Training MAE"},{"__meta":{"schema_version":-1,"schema_name":"ColumnSpecsBase","schema_type":"Iced"},"name":"training_deviance","type":"double","format":"%.5f","description":"Training Deviance"},{"__meta":{"schema_version":-1,"schema_name":"ColumnSpecsBase","schema_type":"Iced"},"name":"validation_rmse","type":"double","format":"%.5f","description":"Validation RMSE"},{"__meta":{"schema_version":-1,"schema_name":"ColumnSpecsBase","schema_type":"Iced"},"name":"validation_mae","type":"double","format":"%.5f","description":"Validation MAE"},{"__meta":{"schema_version":-1,"schema_name":"ColumnSpecsBase","schema_type":"Iced"},"name":"validation_deviance","type":"double","format":"%.5f","description":"Validation Deviance"}],"rowcount":11,"data":[["","","","","","","","","","",""],["2024-09-25 20:59:40","2024-09-25 20:59:40","2024-09-25 20:59:41","2024-09-25 20:59:42","2024-09-25 20:59:42","2024-09-25 20:59:43","2024-09-25 20:59:44","2024-09-25 20:59:44","2024-09-25 20:59:45","2024-09-25 20:59:45","2024-09-25 20:59:46"],[" 0.030 sec"," 0.693 sec"," 1.330 sec"," 1.943 sec"," 2.583 sec"," 3.219 sec"," 3.851 sec"," 4.465 sec"," 5.106 sec"," 5.718 sec"," 6.355 sec"],[0,5,10,15,20,25,30,35,40,45,50],["NaN",0.10969889289063256,0.10128454634104263,0.09150124485724283,0.08925733271797164,0.08791049352256576,0.0855907733790251,0.08414764184591357,0.08244886782773143,0.08199691985409173,0.08210310720151462],["NaN",0.07752028372728244,0.0727901648629661,0.06767088324939113,0.06632292078702626,0.06522881286000945,0.06347017246036094,0.0623234135819784,0.06110037987757047,0.060857174841474126,0.061136629972747845],["NaN",0.012033847101430474,0.010258559327510812,0.008372477810425107,0.00796687144392669,0.007728254871381077,0.007325780487619632,0.007080825628228145,0.0067978158060747265,0.006723494865558343,0.006740920212143401],["NaN",0.09439460272785284,0.09014224354120345,0.08947872858509537,0.08841154863696478,0.08863355419899445,0.08695144565359947,0.08592974316846286,0.08539837647213482,0.08568085243214212,0.0862209173422056],["NaN",0.0681957044520632,0.0667133159773199,0.06575386256633346,0.06444888235850617,0.0648502494890261,0.06333297838897503,0.06253897386375266,0.062103848649439373,0.06272704440761696,0.06348565347906146],["NaN",0.008910341024149164,0.008125624070641635,0.008006442869205163,0.007816601932386388,0.007855906929946086,0.0075605539012508615,0.007383920760997988,0.0072928827040764695,0.007341208473498514,0.007434046587331452]]},{"__meta":{"schema_version":3,"schema_name":"TwoDimTableV3","schema_type":"TwoDimTable"},"name":"Scoring History","description":"","columns":[{"__meta":{"schema_version":-1,"schema_name":"ColumnSpecsBase","schema_type":"Iced"},"name":"","type":"string","format":"%s","description":""},{"__meta":{"schema_version":-1,"schema_name":"ColumnSpecsBase","schema_type":"Iced"},"name":"timestamp","type":"string","format":"%s","description":"Timestamp"},{"__meta":{"schema_version":-1,"schema_name":"ColumnSpecsBase","schema_type":"Iced"},"name":"duration","type":"string","format":"%s","description":"Duration"},{"__meta":{"schema_version":-1,"schema_name":"ColumnSpecsBase","schema_type":"Iced"},"name":"number_of_trees","type":"long","format":"%d","description":"Number of Trees"},{"__meta":{"schema_version":-1,"schema_name":"ColumnSpecsBase","schema_type":"Iced"},"name":"training_rmse","type":"double","format":"%.5f","description":"Training RMSE"},{"__meta":{"schema_version":-1,"schema_name":"ColumnSpecsBase","schema_type":"Iced"},"name":"training_mae","type":"double","format":"%.5f","description":"Training MAE"},{"__meta":{"schema_version":-1,"schema_name":"ColumnSpecsBase","schema_type":"Iced"},"name":"training_deviance","type":"double","format":"%.5f","description":"Training Deviance"},{"__meta":{"schema_version":-1,"schema_name":"ColumnSpecsBase","schema_type":"Iced"},"name":"validation_rmse","type":"double","format":"%.5f","description":"Validation RMSE"},{"__meta":{"schema_version":-1,"schema_name":"ColumnSpecsBase","schema_type":"Iced"},"name":"validation_mae","type":"double","format":"%.5f","description":"Validation MAE"},{"__meta":{"schema_version":-1,"schema_name":"ColumnSpecsBase","schema_type":"Iced"},"name":"validation_deviance","type":"double","format":"%.5f","description":"Validation Deviance"}],"rowcount":11,"data":[["","","","","","","","","","",""],["2024-09-25 20:59:40","2024-09-25 20:59:40","2024-09-25 20:59:41","2024-09-25 20:59:42","2024-09-25 20:59:42","2024-09-25 20:59:43","2024-09-25 20:59:44","2024-09-25 20:59:44","2024-09-25 20:59:45","2024-09-25 20:59:46","2024-09-25 20:59:46"],[" 0.033 sec"," 0.679 sec"," 1.345 sec"," 1.953 sec"," 2.586 sec"," 3.241 sec"," 3.916 sec"," 4.527 sec"," 5.157 sec"," 5.790 sec"," 6.436 sec"],[0,5,10,15,20,25,30,35,40,45,50],["NaN",0.11879334513213168,0.10416217465935211,0.09447144752236701,0.09210136783332747,0.08973784444097849,0.08698763043139827,0.08598517211738116,0.08492435693007187,0.08460180312283201,0.08498522764295863],["NaN",0.08322427930201926,0.07548162003698236,0.06957387684821305,0.06791733592959033,0.0660674483745013,0.06404091557279988,0.06329953790656893,0.06243143697790325,0.0624277051628724,0.06289260072728362],["NaN",0.014111858847681751,0.010849758629765376,0.008924854396971344,0.008482661956769886,0.008052880724913253,0.007566847848069527,0.007393449824055662,0.0072121463999862455,0.007157465091634429,0.0072224889175255],["NaN",0.08982699955356509,0.0795768562889495,0.07709009819003072,0.07642956908549449,0.07647772308821903,0.07587042510928509,0.07455907977750414,0.07355783927574033,0.07362901683172622,0.07411603701029135],["NaN",0.06579529447725625,0.0606833482379413,0.05860338469277379,0.058249384004792015,0.058430854951821806,0.05777923328725945,0.05666052340199936,0.05622895235894242,0.056393911391726594,0.057209965994722715],["NaN",0.008068889848796182,0.0063324760568321216,0.005942883238948579,0.005841479030594374,0.0058488421287583095,0.0057563214062636365,0.005559056377268228,0.005410755718915648,0.005421232119606624,0.005493186942110877]]}],"reproducibility_information_table":[{"__meta":{"schema_version":3,"schema_name":"TwoDimTableV3","schema_type":"TwoDimTable"},"name":"Node Information","description":"","columns":[{"__meta":{"schema_version":-1,"schema_name":"ColumnSpecsBase","schema_type":"Iced"},"name":"","type":"string","format":"%s","description":""},{"__meta":{"schema_version":-1,"schema_name":"ColumnSpecsBase","schema_type":"Iced"},"name":"node","type":"int","format":"%d","description":"node"},{"__meta":{"schema_version":-1,"schema_name":"ColumnSpecsBase","schema_type":"Iced"},"name":"h2o","type":"string","format":"%s","description":"h2o"},{"__meta":{"schema_version":-1,"schema_name":"ColumnSpecsBase","schema_type":"Iced"},"name":"healthy","type":"string","format":"%s","description":"healthy"},{"__meta":{"schema_version":-1,"schema_name":"ColumnSpecsBase","schema_type":"Iced"},"name":"last_ping","type":"string","format":"%s","description":"last_ping"},{"__meta":{"schema_version":-1,"schema_name":"ColumnSpecsBase","schema_type":"Iced"},"name":"num_cpus","type":"int","format":"%d","description":"num_cpus"},{"__meta":{"schema_version":-1,"schema_name":"ColumnSpecsBase","schema_type":"Iced"},"name":"sys_load","type":"double","format":"%.5f","description":"sys_load"},{"__meta":{"schema_version":-1,"schema_name":"ColumnSpecsBase","schema_type":"Iced"},"name":"mem_value_size","type":"long","format":"%d","description":"mem_value_size"},{"__meta":{"schema_version":-1,"schema_name":"ColumnSpecsBase","schema_type":"Iced"},"name":"free_mem","type":"long","format":"%d","description":"free_mem"},{"__meta":{"schema_version":-1,"schema_name":"ColumnSpecsBase","schema_type":"Iced"},"name":"pojo_mem","type":"long","format":"%d","description":"pojo_mem"},{"__meta":{"schema_version":-1,"schema_name":"ColumnSpecsBase","schema_type":"Iced"},"name":"swap_mem","type":"long","format":"%d","description":"swap_mem"},{"__meta":{"schema_version":-1,"schema_name":"ColumnSpecsBase","schema_type":"Iced"},"name":"free_disc","type":"long","format":"%d","description":"free_disc"},{"__meta":{"schema_version":-1,"schema_name":"ColumnSpecsBase","schema_type":"Iced"},"name":"max_disc","type":"long","format":"%d","description":"max_disc"},{"__meta":{"schema_version":-1,"schema_name":"ColumnSpecsBase","schema_type":"Iced"},"name":"pid","type":"int","format":"%d","description":"pid"},{"__meta":{"schema_version":-1,"schema_name":"ColumnSpecsBase","schema_type":"Iced"},"name":"num_keys","type":"int","format":"%d","description":"num_keys"},{"__meta":{"schema_version":-1,"schema_name":"ColumnSpecsBase","schema_type":"Iced"},"name":"tcps_active","type":"string","format":"%s","description":"tcps_active"},{"__meta":{"schema_version":-1,"schema_name":"ColumnSpecsBase","schema_type":"Iced"},"name":"open_fds","type":"int","format":"%d","description":"open_fds"},{"__meta":{"schema_version":-1,"schema_name":"ColumnSpecsBase","schema_type":"Iced"},"name":"rpcs_active","type":"string","format":"%s","description":"rpcs_active"},{"__meta":{"schema_version":-1,"schema_name":"ColumnSpecsBase","schema_type":"Iced"},"name":"nthreads","type":"int","format":"%d","description":"nthreads"},{"__meta":{"schema_version":-1,"schema_name":"ColumnSpecsBase","schema_type":"Iced"},"name":"is_leader","type":"string","format":"%s","description":"is_leader"},{"__meta":{"schema_version":-1,"schema_name":"ColumnSpecsBase","schema_type":"Iced"},"name":"total_mem","type":"long","format":"%d","description":"total_mem"},{"__meta":{"schema_version":-1,"schema_name":"ColumnSpecsBase","schema_type":"Iced"},"name":"max_mem","type":"long","format":"%d","description":"max_mem"},{"__meta":{"schema_version":-1,"schema_name":"ColumnSpecsBase","schema_type":"Iced"},"name":"java_version","type":"string","format":"%s","description":"java_version"},{"__meta":{"schema_version":-1,"schema_name":"ColumnSpecsBase","schema_type":"Iced"},"name":"jvm_launch_parameters","type":"string","format":"%s","description":"jvm_launch_parameters"},{"__meta":{"schema_version":-1,"schema_name":"ColumnSpecsBase","schema_type":"Iced"},"name":"os_version","type":"string","format":"%s","description":"os_version"},{"__meta":{"schema_version":-1,"schema_name":"ColumnSpecsBase","schema_type":"Iced"},"name":"machine_physical_mem","type":"long","format":"%d","description":"machine_physical_mem"},{"__meta":{"schema_version":-1,"schema_name":"ColumnSpecsBase","schema_type":"Iced"},"name":"machine_locale","type":"string","format":"%s","description":"machine_locale"}],"rowcount":1,"data":[[""],[0],["127.0.0.1:54321"],["true"],["1727269185850"],[16],[5.44],[97650389],[32081049899],[0],[0],[945545019392],[1967317319680],[329682],[10533],["\u0000"],[97],["\u0000"],[16],["true"],[5704253440],[32178700288],["Java 11.0.23 (from Ubuntu)"],["[-ea]"],["Linux 5.15.0-107-generic (amd64)"],[134690238464],["en_US"]]},{"__meta":{"schema_version":3,"schema_name":"TwoDimTableV3","schema_type":"TwoDimTable"},"name":"Cluster Configuration","description":"","columns":[{"__meta":{"schema_version":-1,"schema_name":"ColumnSpecsBase","schema_type":"Iced"},"name":"","type":"string","format":"%s","description":""},{"__meta":{"schema_version":-1,"schema_name":"ColumnSpecsBase","schema_type":"Iced"},"name":"h2o_cluster_uptime","type":"long","format":"%d","description":"H2O cluster uptime"},{"__meta":{"schema_version":-1,"schema_name":"ColumnSpecsBase","schema_type":"Iced"},"name":"h2o_cluster_timezone","type":"string","format":"%s","description":"H2O cluster timezone"},{"__meta":{"schema_version":-1,"schema_name":"ColumnSpecsBase","schema_type":"Iced"},"name":"h2o_data_parsing_timezone","type":"string","format":"%s","description":"H2O data parsing timezone"},{"__meta":{"schema_version":-1,"schema_name":"ColumnSpecsBase","schema_type":"Iced"},"name":"h2o_cluster_version","type":"string","format":"%s","description":"H2O cluster version"},{"__meta":{"schema_version":-1,"schema_name":"ColumnSpecsBase","schema_type":"Iced"},"name":"h2o_cluster_version_age","type":"string","format":"%s","description":"H2O cluster version age"},{"__meta":{"schema_version":-1,"schema_name":"ColumnSpecsBase","schema_type":"Iced"},"name":"h2o_cluster_name","type":"string","format":"%s","description":"H2O cluster name"},{"__meta":{"schema_version":-1,"schema_name":"ColumnSpecsBase","schema_type":"Iced"},"name":"h2o_cluster_total_nodes","type":"int","format":"%d","description":"H2O cluster total nodes"},{"__meta":{"schema_version":-1,"schema_name":"ColumnSpecsBase","schema_type":"Iced"},"name":"h2o_cluster_free_memory","type":"long","format":"%d","description":"H2O cluster free memory"},{"__meta":{"schema_version":-1,"schema_name":"ColumnSpecsBase","schema_type":"Iced"},"name":"h2o_cluster_total_cores","type":"int","format":"%d","description":"H2O cluster total cores"},{"__meta":{"schema_version":-1,"schema_name":"ColumnSpecsBase","schema_type":"Iced"},"name":"h2o_cluster_allowed_cores","type":"int","format":"%d","description":"H2O cluster allowed cores"},{"__meta":{"schema_version":-1,"schema_name":"ColumnSpecsBase","schema_type":"Iced"},"name":"h2o_cluster_status","type":"string","format":"%s","description":"H2O cluster status"},{"__meta":{"schema_version":-1,"schema_name":"ColumnSpecsBase","schema_type":"Iced"},"name":"h2o_internal_security","type":"string","format":"%s","description":"H2O internal security"},{"__meta":{"schema_version":-1,"schema_name":"ColumnSpecsBase","schema_type":"Iced"},"name":"h2o_api_extensions","type":"string","format":"%s","description":"H2O API Extensions"}],"rowcount":1,"data":[[""],[606689],["Asia/Kuala_Lumpur"],["UTC"],["3.44.0.3"],["9 months and 5 days"],["H2O_started_from_R_vanguard_ysz591"],[1],[32081049899],[16],[16],["locked, healthly"],["false"],["Mojo 2 pipeline extensions, XGBoost, Amazon S3, Algos, Infogram, AutoML, Core V3, TargetEncoder, Core V4"]]},{"__meta":{"schema_version":3,"schema_name":"TwoDimTableV3","schema_type":"TwoDimTable"},"name":"Input Frames Information","description":"","columns":[{"__meta":{"schema_version":-1,"schema_name":"ColumnSpecsBase","schema_type":"Iced"},"name":"","type":"string","format":"%s","description":""},{"__meta":{"schema_version":-1,"schema_name":"ColumnSpecsBase","schema_type":"Iced"},"name":"input_frame","type":"string","format":"%s","description":"Input Frame"},{"__meta":{"schema_version":-1,"schema_name":"ColumnSpecsBase","schema_type":"Iced"},"name":"checksum","type":"long","format":"%d","description":"Checksum"},{"__meta":{"schema_version":-1,"schema_name":"ColumnSpecsBase","schema_type":"Iced"},"name":"espc","type":"string","format":"%d","description":"ESPC"}],"rowcount":3,"data":[["","",""],["training_frame","validation_frame","calibration_frame"],[6962253148724848908,-1,-1],["[0, 826, 1652, 2477]","-1","-1"]]}],"training_metrics":{"__meta":{"schema_version":3,"schema_name":"ModelMetricsRegressionV3","schema_type":"ModelMetricsRegression"},"model":{"__meta":{"schema_version":3,"schema_name":"ModelKeyV3","schema_type":"Key<Model>"},"name":"DRF_1_AutoML_4_20240925_205940","type":"Key<Model>","URL":"/3/Models/DRF_1_AutoML_4_20240925_205940"},"model_checksum":6934037644456967120,"frame":{"__meta":{"schema_version":3,"schema_name":"FrameKeyV3","schema_type":"Key<Frame>"},"name":"AutoML_4_20240925_205940_training_df_train_sid_961d_172","type":"Key<Frame>","URL":"/3/Frames/AutoML_4_20240925_205940_training_df_train_sid_961d_172"},"frame_checksum":9092823382879974827,"description":"Metrics reported on Out-Of-Bag training samples","model_category":"Regression","scoring_time":1727269193666,"predictions":null,"MSE":0.00644643214065387,"RMSE":0.08028967642638667,"nobs":2477,"custom_metric_name":null,"custom_metric_value":0.0,"r2":0.9328192534185895,"mean_residual_deviance":0.00644643214065387,"mae":0.059585989198340246,"rmsle":0.060006233080934},"validation_metrics":null,"cross_validation_metrics":{"__meta":{"schema_version":3,"schema_name":"ModelMetricsRegressionV3","schema_type":"ModelMetricsRegression"},"model":{"__meta":{"schema_version":3,"schema_name":"ModelKeyV3","schema_type":"Key<Model>"},"name":"DRF_1_AutoML_4_20240925_205940","type":"Key<Model>","URL":"/3/Models/DRF_1_AutoML_4_20240925_205940"},"model_checksum":6934037644456967120,"frame":{"__meta":{"schema_version":3,"schema_name":"FrameKeyV3","schema_type":"Key<Frame>"},"name":"AutoML_4_20240925_205940_training_df_train_sid_961d_172","type":"Key<Frame>","URL":"/3/Frames/AutoML_4_20240925_205940_training_df_train_sid_961d_172"},"frame_checksum":9092823382879974827,"description":"5-fold cross-validation on training data (Metrics computed for combined holdout predictions)","model_category":"Regression","scoring_time":1727269193672,"predictions":null,"MSE":0.0062316504228872365,"RMSE":0.07894080328250554,"nobs":2477,"custom_metric_name":null,"custom_metric_value":0.0,"r2":0.9350575762360441,"mean_residual_deviance":0.0062316504228872365,"mae":0.058600161120694196,"rmsle":0.05930866256127897},"cross_validation_metrics_summary":{"__meta":{"schema_version":3,"schema_name":"TwoDimTableV3","schema_type":"TwoDimTable"},"name":"Cross-Validation Metrics Summary","description":"","columns":[{"__meta":{"schema_version":-1,"schema_name":"ColumnSpecsBase","schema_type":"Iced"},"name":"","type":"string","format":"%s","description":""},{"__meta":{"schema_version":-1,"schema_name":"ColumnSpecsBase","schema_type":"Iced"},"name":"mean","type":"float","format":"%f","description":"mean"},{"__meta":{"schema_version":-1,"schema_name":"ColumnSpecsBase","schema_type":"Iced"},"name":"sd","type":"float","format":"%f","description":"sd"},{"__meta":{"schema_version":-1,"schema_name":"ColumnSpecsBase","schema_type":"Iced"},"name":"cv_1_valid","type":"float","format":"%f","description":"cv_1_valid"},{"__meta":{"schema_version":-1,"schema_name":"ColumnSpecsBase","schema_type":"Iced"},"name":"cv_2_valid","type":"float","format":"%f","description":"cv_2_valid"},{"__meta":{"schema_version":-1,"schema_name":"ColumnSpecsBase","schema_type":"Iced"},"name":"cv_3_valid","type":"float","format":"%f","description":"cv_3_valid"},{"__meta":{"schema_version":-1,"schema_name":"ColumnSpecsBase","schema_type":"Iced"},"name":"cv_4_valid","type":"float","format":"%f","description":"cv_4_valid"},{"__meta":{"schema_version":-1,"schema_name":"ColumnSpecsBase","schema_type":"Iced"},"name":"cv_5_valid","type":"float","format":"%f","description":"cv_5_valid"}],"rowcount":7,"data":[["mae","mean_residual_deviance","mse","r2","residual_deviance","rmse","rmsle"],[0.058600977,0.0062316107,0.0062316107,0.93486655,0.0062316107,0.07874609,0.059193168],[0.003840277,9.886415E-4,9.886415E-4,0.011335452,9.886415E-4,0.006191116,0.0041312175],[0.061396137,0.0071744453,0.0071744453,0.9281735,0.0071744453,0.0847021,0.06378924],[0.053781994,0.005386799,0.005386799,0.9441488,0.005386799,0.07339481,0.055198044],[0.05713114,0.0056695766,0.0056695766,0.93846697,0.0056695766,0.07529659,0.05680745],[0.06348565,0.0074340464,0.0074340464,0.9185262,0.0074340464,0.08622092,0.06354233],[0.057209965,0.005493187,0.005493187,0.94501746,0.005493187,0.07411604,0.05662878]]},"status":null,"start_time":1727269186761,"end_time":1727269193671,"run_time":6910,"default_threshold":0.5,"help":{"domains":"Domains for categorical columns", "__meta":"Metadata on this schema instance, to make it self-describing.", "help":"Help information for output fields", "training_metrics":"Training data model metrics", "cross_validation_models":"Cross-validation models (model ids)", "cross_validation_predictions":"Cross-validation predictions, one per cv model (deprecated, use cross_validation_holdout_predictions_frame_id instead)", "cross_validation_metrics_summary":"Cross-validation model metrics summary", "status":"Job status", "reproducibility_information_table":"Model reproducibility information", "variable_importances":"Variable Importances", "model_summary":"Model summary", "end_time":"End time in milliseconds", "names":"Column names", "cross_validation_fold_assignment_frame_id":"Cross-validation fold assignment (each row is assigned to one holdout fold)", "run_time":"Runtime in milliseconds", "default_threshold":"Default threshold used for predictions", "scoring_history":"Scoring history", "cross_validation_holdout_predictions_frame_id":"Cross-validation holdout predictions (full out-of-sample predictions on training data)", "init_f":"The Intercept term, the initial model function value to which trees make adjustments", "model_category":"Category of the model (e.g., Binomial)", "column_types":"Column types", "original_names":"Original column names", "start_time":"Start time in milliseconds", "cv_scoring_history":"Cross-Validation scoring history", "cross_validation_metrics":"Cross-validation model metrics", "validation_metrics":"Validation data model metrics"},"variable_importances":{"__meta":{"schema_version":3,"schema_name":"TwoDimTableV3","schema_type":"TwoDimTable"},"name":"Variable Importances","description":"","columns":[{"__meta":{"schema_version":-1,"schema_name":"ColumnSpecsBase","schema_type":"Iced"},"name":"variable","type":"string","format":"%s","description":"Variable"},{"__meta":{"schema_version":-1,"schema_name":"ColumnSpecsBase","schema_type":"Iced"},"name":"relative_importance","type":"double","format":"%5f","description":"Relative Importance"},{"__meta":{"schema_version":-1,"schema_name":"ColumnSpecsBase","schema_type":"Iced"},"name":"scaled_importance","type":"double","format":"%5f","description":"Scaled Importance"},{"__meta":{"schema_version":-1,"schema_name":"ColumnSpecsBase","schema_type":"Iced"},"name":"percentage","type":"double","format":"%5f","description":"Percentage"}],"rowcount":94,"data":[["latest_in_service","latest_capacity","dp_sekeliling_high","dp_sekeliling_low","waiters_unifi_total","mobile_4g_mau_audience","nearby_poi_worship","min_dp_sekeliling_jarak_km","nearby_poi_business","nearby_poi_hotel","nearby_poi_home_diy","grid_id","prop_tenant_adjusted","nearby_poi_entertainment","nearby_poi_workshop","dp_sekeliling_medium","nearby_poi_bank","nearby_poi_public_services","nearby_poi_atm","avg_dp_sekeliling_jarak_km","mobile_3g_dau_audience","wifi_dau_audience","nearby_poi_transportation","nearby_poi_school","nearby_poi_recreation","nearby_poi_property","nearby_poi_culture","nearby_poi_healthcare","dp_sekeliling_up_pct","total_dp_sekeliling_250m","nearby_electric_store","poi_hotel","population_children_under5","max_dp_sekeliling_jarak_km","nearby_poi_retail","ookla_download_kbps_fixed","nearby_poi_convenience_store","household_wealth_wealth_target_b40","internet_fixed_avg_u_kbps","population_youth_15_24","mobile_4g_dau_audience","ookla_latency_fixed","population_elder_60plus","dp_sekeliling_no_change_pct","ookla_latency_mobile","nearby_poi_telephone_service","dp_sekeliling_down_pct","ookla_upload_kbps_mobile","wifi_mau_audience","mobile_avg_d_kbps","ookla_upload_kbps_fixed","household_wealth_has_wealth_count","ookla_download_kbps_mobile","ookla_number_of_test_fixed","population_men_asof","pop_male","mobile_avg_u_kbps","waiters_hsba_total","internet_fixed_avg_d_kbps","population_women_reproductive_15_49","population_women_asof","dp_sekeliling_balance_pct","poi_school","ookla_number_of_test_mobile","internet_fixed_avg_lat_ms","dp_sekeliling_balance_up_nc_pct","pop_female","highrise_total","household_wealth_footprint_count","household_wealth_perc_t20","mobile_avg_lat_ms","household_wealth_perc_b40","dp_sekeliling_balance_up_down_pct","poi_worship","household_wealth_wealth_target_t20","poi_healthcare","poi_workshop","poi_food_restaurant","household_wealth_perc_m40","poi_petrol_station","poi_convenience_store","dp_sekeliling_balance_half_pct","poi_business","poi_electric_store","poi_home_diy","household_wealth_wealth_target_m40","poi_atm","highrise_level","poi_bank","poi_telephone_service","competitors_total_presents_download_total","poi_transportation","poi_police_station","mobile_3g_mau_audience"],[5991.189453125,1482.8631591796875,175.2882080078125,143.40176391601562,106.63191986083984,54.97034454345703,40.69279861450195,40.088401794433594,37.13823318481445,36.24681854248047,33.20729446411133,24.791410446166992,23.252790451049805,22.799592971801758,22.355077743530273,18.687686920166016,18.521015167236328,18.236007690429688,18.032085418701172,17.853775024414062,17.753461837768555,17.381526947021484,17.373218536376953,16.288681030273438,16.28059196472168,16.059663772583008,15.275575637817383,15.21737003326416,14.903167724609375,14.898051261901855,14.22226333618164,14.080182075500488,14.034233093261719,13.867263793945312,13.856584548950195,13.197159767150879,12.826315879821777,12.720821380615234,12.288804054260254,12.126970291137695,12.071044921875,11.892038345336914,11.756956100463867,11.573816299438477,11.061580657958984,10.933881759643555,10.635207176208496,10.48013687133789,10.382383346557617,9.836211204528809,9.791797637939453,9.333511352539062,9.137167930603027,8.741971969604492,8.650306701660156,8.064453125,7.987435817718506,7.669114112854004,7.239248275756836,7.159276485443115,6.871584892272949,6.658564567565918,6.626375675201416,6.597482681274414,6.150476932525635,6.074528217315674,5.9676127433776855,5.623703479766846,5.418491840362549,5.107705593109131,5.0697455406188965,4.706934452056885,4.462333679199219,3.917323350906372,3.616485834121704,3.549666404724121,3.5478553771972656,3.3663251399993896,2.8674368858337402,2.559166669845581,2.3446645736694336,2.3428614139556885,2.2349352836608887,2.1598849296569824,2.123565435409546,1.9117560386657715,1.4272743463516235,1.2916394472122192,1.011784553527832,0.9847614765167236,0.8708473443984985,0.5207727551460266,0.10557755827903748,0.0669354572892189],[1.0,0.2475073056496698,0.0292576640046631,0.023935441374035898,0.017798121841268215,0.009175197174708695,0.006792106798304737,0.006691225858919136,0.00619880801222922,0.006050020421833623,0.005542688096232782,0.004137978049289663,0.0038811642717993446,0.0038055202811036973,0.003731325460233924,0.003119194788677319,0.003091375312389058,0.003043804211685845,0.0030097671855954496,0.0029800050831478124,0.0029632616322136773,0.0029011813235108584,0.0028997945520342536,0.002718772483780708,0.0027174223235804595,0.0026805468093161868,0.002549673275621363,0.0025399580754914687,0.0024875140139051844,0.0024866600160893,0.0023738630613263814,0.0023501480274766267,0.002342478601797757,0.0023146094615172216,0.0023128269698970394,0.0022027612163503275,0.0021408630089525178,0.002123254735999053,0.0020511459619842972,0.0020241340031088946,0.002014799401073647,0.001984921097618443,0.0019623742818433904,0.0019318060945980571,0.0018463079401018227,0.0018249934917248278,0.0017751411901456697,0.0017492581320177514,0.001732941918760752,0.001641779363094293,0.0016343662163499201,0.0015578728440427986,0.001525100817140257,0.0014591379621695464,0.0014438379506006378,0.0013460520966823352,0.0013331970020664704,0.0012800653647922617,0.0012083156996447258,0.0011949674670542827,0.0011469483557540875,0.0011113927575922033,0.0011060200527868642,0.0011011974722036494,0.0010265869541677655,0.0010139102201395425,9.960647697870718E-4,9.386622679463969E-4,9.044100312228096E-4,8.525361504709145E-4,8.462001711487392E-4,7.856427323628952E-4,7.44815985892696E-4,6.538473506063306E-4,6.036340300064034E-4,5.924810811770637E-4,5.921787993779276E-4,5.618792672702942E-4,4.7860894873522774E-4,4.2715502320006283E-4,3.9135209994844316E-4,3.910511313798721E-4,3.7303699059210155E-4,3.605102036174783E-4,3.544480527655315E-4,3.190945727260554E-4,2.3822887884260752E-4,2.1558981856908247E-4,1.6887874460389264E-4,1.643682751516183E-4,1.4535466641674388E-4,8.692309919767133E-5,1.7622136489769707E-5,1.1172315249404343E-5],[0.6706464511884184,0.16598989617715823,0.019621548534790437,0.016052218815125616,0.011936247250665609,0.00615331342417239,0.004555102320375803,0.004487446876384295,0.004157208594999861,0.004057424725520178,0.0037171841017828063,0.002775120293851687,0.002602889045361513,0.0025521586714477473,0.0025024001781348733,0.0020918769155918527,0.0020732198825452104,0.0020413164926794732,0.002018489681922942,0.001998529833536528,0.001987300897586903,0.0019456669588666761,0.0019447369254972815,0.0018233351178362537,0.0018224296376894212,0.0017976992049123387,0.0017099293339854175,0.0017034138694957185,0.00166824244570697,0.0016676697151024244,0.0015920228376858124,0.0015761184343946614,0.0015709749612804742,0.0015522846212536606,0.0015510891995743127,0.0014772739925608311,0.0014357621794345654,0.0014239532536667674,0.0013755937602742236,0.0013574782859147874,0.0013512180681865922,0.001331180290006829,0.001316059348021691,0.001295558901726345,0.0012382198678302864,0.001223925408667216,0.0011904921395295789,0.0011731337584501868,0.0011621913479325468,0.0011010535034935696,0.0010960819029373168,0.0010447818942601113,0.0010228034507196704,9.78565696123307E-4,9.683047976614767E-4,9.027250617547381E-4,8.941038381709168E-4,8.584712941871385E-4,8.103526358819861E-4,8.014006910655681E-4,7.691968444828703E-4,7.453516087557213E-4,7.417484233447376E-4,7.385141767910344E-4,6.884768976489395E-4,6.799752909602523E-4,6.680073030115087E-4,6.295105188627234E-4,6.06539377858784E-4,5.717503438231543E-4,5.675011417759343E-4,5.268885103611481E-4,4.995081977273397E-4,4.3850040530308524E-4,4.0482502004035776E-4,3.9734533448767504E-4,3.971426102718256E-4,3.768223365911717E-4,3.2097739297630017E-4,2.8647000041642865E-4,2.6245889699555864E-4,2.622570534931272E-4,2.501759339026003E-4,2.4177488867327596E-4,2.3770932871784899E-4,2.1399964279221375E-4,1.5976735216639043E-4,1.4458454673571016E-4,1.1325793074975586E-4,1.1023300041839432E-4,9.748159119606566E-5,5.8294668003217135E-5,1.1818223299221986E-5,7.492673573571272E-6]]},"init_f":0.0},"compatible_frames":null}
